Date|Day in Season|Rank|Feast|Commemorations
2022-11-27|Dominica I of Advent|Major Sunday|Dominica I of Advent|
2022-11-28|Feria II week I of Advent|Feria|Feria II week I of Advent|
2022-11-29|Feria III week I of Advent|Feria|Feria III week I of Advent|
2022-11-30|Feria IV week I of Advent|Feria|Feria IV week I of Advent|
2022-12-01|Feria V week I of Advent|Feria|Feria V week I of Advent|
2022-12-02|Feria VI week I of Advent|Feria|Feria VI week I of Advent|
2022-12-03|Sabbato week I of Advent|Memorial|St. Francis Xavier, Priest|
2022-12-04|Dominica II of Advent|Major Sunday|Dominica II of Advent|
2022-12-05|Feria II week II of Advent|Feria|Feria II week II of Advent|
2022-12-06|Feria III week II of Advent|Feria|Feria III week II of Advent|St. Nicholas, Bishop
2022-12-07|Feria IV week II of Advent|Memorial|St. Ambrose, Bishop and Doctor of the Church|
2022-12-08|Feria V week II of Advent|Solemnity|The Immaculate Conception of the Blessed Virgin Mary|
2022-12-09|Feria VI week II of Advent|Feria|Feria VI week II of Advent|St. Juan Diego Cuauhtlatoatzin
2022-12-10|Sabbato week II of Advent|Feria|Sabbato week II of Advent|Our Lady of Loreto
2022-12-11|Dominica III of Advent|Major Sunday|Dominica III of Advent|
2022-12-12|Feria II week III of Advent|Feria|Feria II week III of Advent|Our Lady of Guadalupe
2022-12-13|Feria III week III of Advent|Memorial|St. Lucy, Virgin and Martyr|
2022-12-14|Feria IV week III of Advent|Memorial|St. John of the Cross, Priest and Doctor of the Church|
2022-12-15|Feria V week III of Advent|Feria|Feria V week III of Advent|
2022-12-16|Feria VI week III of Advent|Feria|Feria VI week III of Advent|
2022-12-17|Sabbato week III of Advent|Feria|Sabbato week III of Advent|
2022-12-18|Dominica IV of Advent|Major Sunday|Dominica IV of Advent|
2022-12-19|Feria II week IV of Advent|Feria|Feria II week IV of Advent|
2022-12-20|Feria III week IV of Advent|Feria|Feria III week IV of Advent|
2022-12-21|Feria IV week IV of Advent|Feria|Feria IV week IV of Advent|St. Peter Canisius, Priest and Doctor of the Church
2022-12-22|Feria V week IV of Advent|Feria|Feria V week IV of Advent|
2022-12-23|Feria VI week IV of Advent|Feria|Feria VI week IV of Advent|St. John of Kanty, Priest
2022-12-24|Sabbato week IV of Advent|Feria|Sabbato week IV of Advent|
2022-12-25|Dominica in the Octave of Christmas|Solemnity|Nativity of the Lord|
2022-12-26|Feria II in the Octave of Christmas|Feast|St. Stephen, First Martyr|
2022-12-27|Feria III in the Octave of Christmas|Feast|St. John, Apostle and Evangelist|
2022-12-28|Feria IV in the Octave of Christmas|Feast|The Holy Innocents, Martyrs|
2022-12-29|Feria V in the Octave of Christmas|Feria|Feria V in the Octave of Christmas|St. Thomas Becket, Bishop and Martyr
2022-12-30|Feria VI in the Octave of Christmas|Feria|Feria VI in the Octave of Christmas|
2022-12-31|Sabbato in the Octave of Christmas|Feria|Sabbato in the Octave of Christmas|St. Sylvester I, Pope
2023-01-01|Dominica in the Octave of Christmas|Solemnity|Solemnity of Mary, the Holy Mother of God|
2023-01-02|Feria II in Christmas|Memorial|Sts. Basil the Great and Gregory Nazianzen, Bishops and Doctors of the Church|
2023-01-03|Feria III in Christmas|Feria|Feria III in Christmas|The Most Holy Name of Jesus
2023-01-04|Feria IV in Christmas|Feria|Feria IV in Christmas|
2023-01-05|Feria V in Christmas|Feria|Feria V in Christmas|
2023-01-06|Feria VI in Christmas|Solemnity|The Epiphany of the Lord|
2023-01-07|Sabbato in Christmas|Feria|Sabbato in Christmas|St. Raymond of Penyafort, Priest
2023-01-08|Dominica in Christmas|Feast|The Baptism of the Lord|
2023-01-09|Feria II week I of Ordinary Time|Feria|Feria II week I of Ordinary Time|
2023-01-10|Feria III week I of Ordinary Time|Feria|Feria III week I of Ordinary Time|
2023-01-11|Feria IV week I of Ordinary Time|Feria|Feria IV week I of Ordinary Time|
2023-01-12|Feria V week I of Ordinary Time|Feria|Feria V week I of Ordinary Time|
2023-01-13|Feria VI week I of Ordinary Time|Feria|Feria VI week I of Ordinary Time|St. Hilary, Bishop and Doctor of the Church
2023-01-14|Sabbato week I of Ordinary Time|Feria|Sabbato week I of Ordinary Time|BVM on Saturday
2023-01-15|Dominica II of Ordinary Time|Sunday|Dominica II of Ordinary Time|
2023-01-16|Feria II week II of Ordinary Time|Feria|Feria II week II of Ordinary Time|
2023-01-17|Feria III week II of Ordinary Time|Memorial|St. Anthony, Abbot|
2023-01-18|Feria IV week II of Ordinary Time|Feria|Feria IV week II of Ordinary Time|
2023-01-19|Feria V week II of Ordinary Time|Feria|Feria V week II of Ordinary Time|
2023-01-20|Feria VI week II of Ordinary Time|Feria|Feria VI week II of Ordinary Time|St. Fabian, Pope and Martyr, St. Sebastian, Martyr
2023-01-21|Sabbato week II of Ordinary Time|Memorial|St. Agnes, Virgin and Martyr|
2023-01-22|Dominica III of Ordinary Time|Sunday|Dominica III of Ordinary Time|
2023-01-23|Feria II week III of Ordinary Time|Feria|Feria II week III of Ordinary Time|
2023-01-24|Feria III week III of Ordinary Time|Memorial|St. Francis de Sales, Bishop and Doctor of the Church|
2023-01-25|Feria IV week III of Ordinary Time|Feast|The Conversion of St. Paul the Apostle|
2023-01-26|Feria V week III of Ordinary Time|Memorial|Sts. Timothy and Titus, Bishops|
2023-01-27|Feria VI week III of Ordinary Time|Feria|Feria VI week III of Ordinary Time|St. Angela Merici, Virgin
2023-01-28|Sabbato week III of Ordinary Time|Memorial|St. Thomas Aquinas, Priest and Doctor of the Church|
2023-01-29|Dominica IV of Ordinary Time|Sunday|Dominica IV of Ordinary Time|
2023-01-30|Feria II week IV of Ordinary Time|Feria|Feria II week IV of Ordinary Time|
2023-01-31|Feria III week IV of Ordinary Time|Memorial|St. John Bosco, Priest|
2023-02-01|Feria IV week IV of Ordinary Time|Feria|Feria IV week IV of Ordinary Time|
2023-02-02|Feria V week IV of Ordinary Time|Feast|The Presentation of the Lord|
2023-02-03|Feria VI week IV of Ordinary Time|Feria|Feria VI week IV of Ordinary Time|St. Blaise, Bishop and Martyr, St. Ansgar, Bishop
2023-02-04|Sabbato week IV of Ordinary Time|Feria|Sabbato week IV of Ordinary Time|BVM on Saturday
2023-02-05|Dominica V of Ordinary Time|Sunday|Dominica V of Ordinary Time|
2023-02-06|Feria II week V of Ordinary Time|Memorial|Sts. Paul Miki and Companions, Martyrs|
2023-02-07|Feria III week V of Ordinary Time|Feria|Feria III week V of Ordinary Time|
2023-02-08|Feria IV week V of Ordinary Time|Feria|Feria IV week V of Ordinary Time|St. Jerome Emiliani, Priest, St. Josephine Bakhita, Virgin
2023-02-09|Feria V week V of Ordinary Time|Feria|Feria V week V of Ordinary Time|
2023-02-10|Feria VI week V of Ordinary Time|Memorial|St. Scholastica, Virgin|
2023-02-11|Sabbato week V of Ordinary Time|Feria|Sabbato week V of Ordinary Time|Our Lady of Lourdes, BVM on Saturday
2023-02-12|Dominica VI of Ordinary Time|Sunday|Dominica VI of Ordinary Time|
2023-02-13|Feria II week VI of Ordinary Time|Feria|Feria II week VI of Ordinary Time|
2023-02-14|Feria III week VI of Ordinary Time|Memorial|Sts. Cyril and Methodius, Monk and Bishop|
2023-02-15|Feria IV week VI of Ordinary Time|Feria|Feria IV week VI of Ordinary Time|
2023-02-16|Feria V week VI of Ordinary Time|Feria|Feria V week VI of Ordinary Time|
2023-02-17|Feria VI week VI of Ordinary Time|Feria|Feria VI week VI of Ordinary Time|The Seven Holy Founders of the Servite Order
2023-02-18|Sabbato week VI of Ordinary Time|Feria|Sabbato week VI of Ordinary Time|BVM on Saturday
2023-02-19|Dominica VII of Ordinary Time|Sunday|Dominica VII of Ordinary Time|
2023-02-20|Feria II week VII of Ordinary Time|Feria|Feria II week VII of Ordinary Time|
2023-02-21|Feria III week VII of Ordinary Time|Feria|Feria III week VII of Ordinary Time|St. Peter Damian, Bishop and Doctor of the Church
2023-02-22|Feria IV after start of Lent|Feria|Ash Wednesday|
2023-02-23|Feria V after Ash Wednesday|Feria|Feria V after Ash Wednesday|St. Polycarp, Bishop and Martyr
2023-02-24|Feria VI after Ash Wednesday|Feria|Feria VI after Ash Wednesday|
2023-02-25|Sabbato after Ash Wednesday|Feria|Sabbato after Ash Wednesday|
2023-02-26|Dominica I of Lent|Major Sunday|Dominica I of Lent|
2023-02-27|Feria II week I of Lent|Feria|Feria II week I of Lent|St. Gregory of Narek, Abbot and Doctor of the Church
2023-02-28|Feria III week I of Lent|Feria|Feria III week I of Lent|
2023-03-01|Feria IV week I of Lent|Feria|Feria IV week I of Lent|
2023-03-02|Feria V week I of Lent|Feria|Feria V week I of Lent|
2023-03-03|Feria VI week I of Lent|Feria|Feria VI week I of Lent|
2023-03-04|Sabbato week I of Lent|Feria|Sabbato week I of Lent|St. Casimir
2023-03-05|Dominica II of Lent|Major Sunday|Dominica II of Lent|
2023-03-06|Feria II week II of Lent|Feria|Feria II week II of Lent|
2023-03-07|Feria III week II of Lent|Feria|Feria III week II of Lent|Sts. Perpetua and Felicity, Martyrs
2023-03-08|Feria IV week II of Lent|Feria|Feria IV week II of Lent|St. John of God, Religious
2023-03-09|Feria V week II of Lent|Feria|Feria V week II of Lent|St. Frances of Rome, Religious
2023-03-10|Feria VI week II of Lent|Feria|Feria VI week II of Lent|
2023-03-11|Sabbato week II of Lent|Feria|Sabbato week II of Lent|
2023-03-12|Dominica III of Lent|Major Sunday|Dominica III of Lent|
2023-03-13|Feria II week III of Lent|Feria|Feria II week III of Lent|
2023-03-14|Feria III week III of Lent|Feria|Feria III week III of Lent|
2023-03-15|Feria IV week III of Lent|Feria|Feria IV week III of Lent|
2023-03-16|Feria V week III of Lent|Feria|Feria V week III of Lent|
2023-03-17|Feria VI week III of Lent|Feria|Feria VI week III of Lent|St. Patrick, Bishop
2023-03-18|Sabbato week III of Lent|Feria|Sabbato week III of Lent|St. Cyril of Jerusalem, Bishop and Doctor of the Church
2023-03-19|Dominica IV of Lent|Major Sunday|Dominica IV of Lent|
2023-03-20|Feria II week IV of Lent|Solemnity|St. Joseph, Spouse of the Blessed Virgin Mary (transferred)|
2023-03-21|Feria III week IV of Lent|Feria|Feria III week IV of Lent|
2023-03-22|Feria IV week IV of Lent|Feria|Feria IV week IV of Lent|
2023-03-23|Feria V week IV of Lent|Feria|Feria V week IV of Lent|St. Turibius of Mongrovejo, Bishop
2023-03-24|Feria VI week IV of Lent|Feria|Feria VI week IV of Lent|
2023-03-25|Sabbato week IV of Lent|Solemnity|The Annunciation of the Lord|
2023-03-26|Dominica of the Passion|Major Sunday|Dominica of the Passion|
2023-03-27|Feria II of Passion Week|Feria|Feria II of Passion Week|
2023-03-28|Feria III of Passion Week|Feria|Feria III of Passion Week|
2023-03-29|Feria IV of Passion Week|Feria|Feria IV of Passion Week|
2023-03-30|Feria V of Passion Week|Feria|Feria V of Passion Week|
2023-03-31|Feria VI of Passion Week|Feria|Feria VI of Passion Week|
2023-04-01|Sabbato of Passion Week|Feria|Sabbato of Passion Week|
2023-04-02|Dominica Palm Sunday|Major Sunday|Dominica Palm Sunday|
2023-04-03|Feria II of Holy Week|Feria|Feria II of Holy Week|
2023-04-04|Feria III of Holy Week|Feria|Feria III of Holy Week|
2023-04-05|Feria IV of Holy Week|Feria|Feria IV of Holy Week|
2023-04-06|Feria V of Holy Week|Feria|Feria V of Holy Week|
2023-04-07|Feria VI of Holy Week|Feria|Feria VI of Holy Week|
2023-04-08|Sabbato of Holy Week|Feria|Sabbato of Holy Week|
2023-04-09|Dominica Easter|Major Sunday|Dominica Easter|
2023-04-10|Feria II in the Octave of Easter|Feria|Feria II in the Octave of Easter|
2023-04-11|Feria III in the Octave of Easter|Feria|Feria III in the Octave of Easter|
2023-04-12|Feria IV in the Octave of Easter|Feria|Feria IV in the Octave of Easter|
2023-04-13|Feria V in the Octave of Easter|Feria|Feria V in the Octave of Easter|
2023-04-14|Feria VI in the Octave of Easter|Feria|Feria VI in the Octave of Easter|
2023-04-15|Sabbato in the Octave of Easter|Feria|Sabbato in the Octave of Easter|
2023-04-16|Dominica II of Easter|Sunday|Dominica II of Easter|
2023-04-17|Feria II week II of Eastertide|Feria|Feria II week II of Eastertide|
2023-04-18|Feria III week II of Eastertide|Feria|Feria III week II of Eastertide|
2023-04-19|Feria IV week II of Eastertide|Feria|Feria IV week II of Eastertide|
2023-04-20|Feria V week II of Eastertide|Feria|Feria V week II of Eastertide|
2023-04-21|Feria VI week II of Eastertide|Feria|Feria VI week II of Eastertide|St. Anselm, Bishop and Doctor of the Church
2023-04-22|Sabbato week II of Eastertide|Feria|Sabbato week II of Eastertide|
2023-04-23|Dominica III of Easter|Sunday|Dominica III of Easter|
2023-04-24|Feria II week III of Eastertide|Feria|Feria II week III of Eastertide|St. Fidelis of Sigmaringen, Priest and Martyr
2023-04-25|Feria III week III of Eastertide|Feast|St. Mark, Evangelist|
2023-04-26|Feria IV week III of Eastertide|Feria|Feria IV week III of Eastertide|
2023-04-27|Feria V week III of Eastertide|Feria|Feria V week III of Eastertide|
2023-04-28|Feria VI week III of Eastertide|Feria|Feria VI week III of Eastertide|St. Peter Chanel, Priest and Martyr, St. Louis Grignon de Montfort, Priest
2023-04-29|Sabbato week III of Eastertide|Memorial|St. Catherine of Siena, Virgin and Doctor of the Church|
2023-04-30|Dominica IV of Easter|Sunday|Dominica IV of Easter|
2023-05-01|Feria II week IV of Eastertide|Feria|Feria II week IV of Eastertide|St. Joseph the Worker
2023-05-02|Feria III week IV of Eastertide|Memorial|St. Athanasius, Bishop and Doctor of the Church|
2023-05-03|Feria IV week IV of Eastertide|Feast|Sts. Philip and James, Apostles|
2023-05-04|Feria V week IV of Eastertide|Feria|Feria V week IV of Eastertide|
2023-05-05|Feria VI week IV of Eastertide|Feria|Feria VI week IV of Eastertide|
2023-05-06|Sabbato week IV of Eastertide|Feria|Sabbato week IV of Eastertide|
2023-05-07|Dominica V of Easter|Sunday|Dominica V of Easter|
2023-05-08|Feria II week V of Eastertide|Feria|Feria II week V of Eastertide|
2023-05-09|Feria III week V of Eastertide|Feria|Feria III week V of Eastertide|
2023-05-10|Feria IV week V of Eastertide|Feria|Feria IV week V of Eastertide|St. John of Ávila, Priest and Doctor of the Church
2023-05-11|Feria V week V of Eastertide|Feria|Feria V week V of Eastertide|
2023-05-12|Feria VI week V of Eastertide|Feria|Feria VI week V of Eastertide|Sts. Nereus and Achilleus, Martyrs, St. Pancras, Martyr
2023-05-13|Sabbato week V of Eastertide|Feria|Sabbato week V of Eastertide|Our Lady of Fatima
2023-05-14|Dominica VI of Easter|Sunday|Dominica VI of Easter|
2023-05-15|Feria II week VI of Eastertide|Feria|Feria II week VI of Eastertide|
2023-05-16|Feria III week VI of Eastertide|Feria|Feria III week VI of Eastertide|
2023-05-17|Feria IV week VI of Eastertide|Feria|Feria IV week VI of Eastertide|
2023-05-18|Feria V week VI of Eastertide|Solemnity|The Ascension of the Lord|
2023-05-19|Feria VI week VI of Eastertide|Feria|Feria VI week VI of Eastertide|
2023-05-20|Sabbato week VI of Eastertide|Feria|Sabbato week VI of Eastertide|St. Bernardine of Siena, Priest
2023-05-21|Dominica VII of Easter|Sunday|Dominica VII of Easter|
2023-05-22|Feria II week VII of Eastertide|Feria|Feria II week VII of Eastertide|St. Rita of Cascia, Religious
2023-05-23|Feria III week VII of Eastertide|Feria|Feria III week VII of Eastertide|
2023-05-24|Feria IV week VII of Eastertide|Feria|Feria IV week VII of Eastertide|
2023-05-25|Feria V week VII of Eastertide|Feria|Feria V week VII of Eastertide|St. Bede the Venerable, Priest and Doctor of the Church, St. Gregory VII, Pope, St. Mary Magdalene de' Pazzi, Virgin
2023-05-26|Feria VI week VII of Eastertide|Memorial|St. Philip Neri, Priest|
2023-05-27|Sabbato week VII of Eastertide|Feria|Sabbato week VII of Eastertide|St. Augustine of Canterbury, Bishop
2023-05-28|Dominica VIII of Ordinary Time|Solemnity|Pentacost Sunday|
2023-05-29|Feria II week VIII of Ordinary Time|Memorial|Blessed Virgin Mary, Mother of the Church|
2023-05-30|Feria III week VIII of Ordinary Time|Feria|Feria III week VIII of Ordinary Time|
2023-05-31|Feria IV week VIII of Ordinary Time|Feast|The Visitation of the Blessed Virgin Mary|
2023-06-01|Feria V week VIII of Ordinary Time|Memorial|St. Justin, Martyr|
2023-06-02|Feria VI week VIII of Ordinary Time|Feria|Feria VI week VIII of Ordinary Time|Sts. Marcellinus and Peter, Martyrs
2023-06-03|Sabbato week VIII of Ordinary Time|Memorial|Sts. Charles Lwanga and Companions, Martyrs|
2023-06-04|Dominica IX of Ordinary Time|Solemnity|The Most Holy Trinity|
2023-06-05|Feria II week IX of Ordinary Time|Memorial|St. Boniface, Bishop and Martyr|
2023-06-06|Feria III week IX of Ordinary Time|Feria|Feria III week IX of Ordinary Time|St. Norbert, Bishop
2023-06-07|Feria IV week IX of Ordinary Time|Feria|Feria IV week IX of Ordinary Time|
2023-06-08|Feria V week IX of Ordinary Time|Solemnity|The Most Holy Body and Blood of Christ|
2023-06-09|Feria VI week IX of Ordinary Time|Feria|Feria VI week IX of Ordinary Time|St. Ephrem, Deacon and Doctor of the Church
2023-06-10|Sabbato week IX of Ordinary Time|Feria|Sabbato week IX of Ordinary Time|BVM on Saturday
2023-06-11|Dominica X of Ordinary Time|Sunday|Dominica X of Ordinary Time|
2023-06-12|Feria II week X of Ordinary Time|Feria|Feria II week X of Ordinary Time|
2023-06-13|Feria III week X of Ordinary Time|Memorial|St. Anthony of Padua, Priest and Doctor of the Church|
2023-06-14|Feria IV week X of Ordinary Time|Feria|Feria IV week X of Ordinary Time|
2023-06-15|Feria V week X of Ordinary Time|Feria|Feria V week X of Ordinary Time|
2023-06-16|Feria VI week X of Ordinary Time|Solemnity|The Most Sacred Heart of Jesus|
2023-06-17|Sabbato week X of Ordinary Time|Memorial|The Immaculate Heart of the Blessed Virgin Mary|
2023-06-18|Dominica XI of Ordinary Time|Sunday|Dominica XI of Ordinary Time|
2023-06-19|Feria II week XI of Ordinary Time|Feria|Feria II week XI of Ordinary Time|St. Romuald, Abbot
2023-06-20|Feria III week XI of Ordinary Time|Feria|Feria III week XI of Ordinary Time|
2023-06-21|Feria IV week XI of Ordinary Time|Memorial|St. Aloysius Gonzaga, Religious|
2023-06-22|Feria V week XI of Ordinary Time|Feria|Feria V week XI of Ordinary Time|St. Paulinus of Nola, Bishop, Sts. John Fisher and Thomas More, Bishop and Martyrs
2023-06-23|Feria VI week XI of Ordinary Time|Feria|Feria VI week XI of Ordinary Time|
2023-06-24|Sabbato week XI of Ordinary Time|Solemnity|The Nativity of St. John the Baptist|
2023-06-25|Dominica XII of Ordinary Time|Sunday|Dominica XII of Ordinary Time|
2023-06-26|Feria II week XII of Ordinary Time|Feria|Feria II week XII of Ordinary Time|
2023-06-27|Feria III week XII of Ordinary Time|Feria|Feria III week XII of Ordinary Time|St. Cyril of Alexandria, Bishop and Doctor of the Church
2023-06-28|Feria IV week XII of Ordinary Time|Memorial|St. Irenaeus, Bishop and Martyr and Doctor of the Church|
2023-06-29|Feria V week XII of Ordinary Time|Solemnity|Sts. Peter and Paul, Apostles|
2023-06-30|Feria VI week XII of Ordinary Time|Feria|Feria VI week XII of Ordinary Time|The First Martyrs of Holy Roman Church, Martyrs
2023-07-01|Sabbato week XII of Ordinary Time|Feria|Sabbato week XII of Ordinary Time|BVM on Saturday
2023-07-02|Dominica XIII of Ordinary Time|Sunday|Dominica XIII of Ordinary Time|
2023-07-03|Feria II week XIII of Ordinary Time|Feast|St. Thomas, Apostle|
2023-07-04|Feria III week XIII of Ordinary Time|Feria|Feria III week XIII of Ordinary Time|St. Elizabeth of Portugal
2023-07-05|Feria IV week XIII of Ordinary Time|Feria|Feria IV week XIII of Ordinary Time|St. Anthony Zaccaria, Priest
2023-07-06|Feria V week XIII of Ordinary Time|Feria|Feria V week XIII of Ordinary Time|St. Maria Goretti, Virgin and Martyr
2023-07-07|Feria VI week XIII of Ordinary Time|Feria|Feria VI week XIII of Ordinary Time|
2023-07-08|Sabbato week XIII of Ordinary Time|Feria|Sabbato week XIII of Ordinary Time|BVM on Saturday
2023-07-09|Dominica XIV of Ordinary Time|Sunday|Dominica XIV of Ordinary Time|
2023-07-10|Feria II week XIV of Ordinary Time|Feria|Feria II week XIV of Ordinary Time|
2023-07-11|Feria III week XIV of Ordinary Time|Memorial|St. Benedict, Abbot|
2023-07-12|Feria IV week XIV of Ordinary Time|Feria|Feria IV week XIV of Ordinary Time|
2023-07-13|Feria V week XIV of Ordinary Time|Feria|Feria V week XIV of Ordinary Time|St. Henry
2023-07-14|Feria VI week XIV of Ordinary Time|Feria|Feria VI week XIV of Ordinary Time|St. Camillus de Lellis, Priest
2023-07-15|Sabbato week XIV of Ordinary Time|Memorial|St. Bonaventure, Bishop and Doctor of the Church|
2023-07-16|Dominica XV of Ordinary Time|Sunday|Dominica XV of Ordinary Time|
2023-07-17|Feria II week XV of Ordinary Time|Feria|Feria II week XV of Ordinary Time|
2023-07-18|Feria III week XV of Ordinary Time|Feria|Feria III week XV of Ordinary Time|
2023-07-19|Feria IV week XV of Ordinary Time|Feria|Feria IV week XV of Ordinary Time|
2023-07-20|Feria V week XV of Ordinary Time|Feria|Feria V week XV of Ordinary Time|St. Apollinaris, Bishop and Martyr
2023-07-21|Feria VI week XV of Ordinary Time|Feria|Feria VI week XV of Ordinary Time|St. Lawrence of Brindisi, Priest and Doctor of the Church
2023-07-22|Sabbato week XV of Ordinary Time|Feast|St. Mary Magdalene|
2023-07-23|Dominica XVI of Ordinary Time|Sunday|Dominica XVI of Ordinary Time|
2023-07-24|Feria II week XVI of Ordinary Time|Feria|Feria II week XVI of Ordinary Time|St. Sharbel Makhluf, Priest
2023-07-25|Feria III week XVI of Ordinary Time|Feast|St. James, Apostle|
2023-07-26|Feria IV week XVI of Ordinary Time|Memorial|Sts. Joachim and Anne, Parents of the Blessed Virgin Mary|
2023-07-27|Feria V week XVI of Ordinary Time|Feria|Feria V week XVI of Ordinary Time|
2023-07-28|Feria VI week XVI of Ordinary Time|Feria|Feria VI week XVI of Ordinary Time|
2023-07-29|Sabbato week XVI of Ordinary Time|Memorial|Sts. Martha, Mary and Lazarus|
2023-07-30|Dominica XVII of Ordinary Time|Sunday|Dominica XVII of Ordinary Time|
2023-07-31|Feria II week XVII of Ordinary Time|Memorial|St. Ignatius of Loyola, Priest|
2023-08-01|Feria III week XVII of Ordinary Time|Memorial|St. Alphonsus Liguori, Bishop and Doctor of the Church|
2023-08-02|Feria IV week XVII of Ordinary Time|Feria|Feria IV week XVII of Ordinary Time|St. Eusebius of Vercelli, Bishop, St. Peter Julian Eymard, Priest
2023-08-03|Feria V week XVII of Ordinary Time|Feria|Feria V week XVII of Ordinary Time|
2023-08-04|Feria VI week XVII of Ordinary Time|Memorial|St. Jean Vianney, Priest|
2023-08-05|Sabbato week XVII of Ordinary Time|Feria|Sabbato week XVII of Ordinary Time|The Dedication of the Basilica of St. Mary Major, BVM on Saturday
2023-08-06|Dominica XVIII of Ordinary Time|Feast|The Transfiguration of the Lord|
2023-08-07|Feria II week XVIII of Ordinary Time|Feria|Feria II week XVIII of Ordinary Time|St. Sixtus II and Companions, Pope and Martyrs, St. Cajetan, Priest
2023-08-08|Feria III week XVIII of Ordinary Time|Memorial|St. Dominic, Priest|
2023-08-09|Feria IV week XVIII of Ordinary Time|Feria|Feria IV week XVIII of Ordinary Time|St. Teresa Benedicta of the Cross, Virgin and Martyr
2023-08-10|Feria V week XVIII of Ordinary Time|Feast|St. Lawrence, Deacon and Martyr|
2023-08-11|Feria VI week XVIII of Ordinary Time|Memorial|St. Clare, Virgin|
2023-08-12|Sabbato week XVIII of Ordinary Time|Feria|Sabbato week XVIII of Ordinary Time|St. Jane Frances de Chantal, Religious, BVM on Saturday
2023-08-13|Dominica XIX of Ordinary Time|Sunday|Dominica XIX of Ordinary Time|
2023-08-14|Feria II week XIX of Ordinary Time|Memorial|St. Maximilian Kolbe, Priest and Martyr|
2023-08-15|Feria III week XIX of Ordinary Time|Solemnity|The Assumption of the Blessed Virgin Mary|
2023-08-16|Feria IV week XIX of Ordinary Time|Feria|Feria IV week XIX of Ordinary Time|St. Stephen of Hungary
2023-08-17|Feria V week XIX of Ordinary Time|Feria|Feria V week XIX of Ordinary Time|
2023-08-18|Feria VI week XIX of Ordinary Time|Feria|Feria VI week XIX of Ordinary Time|
2023-08-19|Sabbato week XIX of Ordinary Time|Feria|Sabbato week XIX of Ordinary Time|St. John Eudes, Priest, BVM on Saturday
2023-08-20|Dominica XX of Ordinary Time|Sunday|Dominica XX of Ordinary Time|
2023-08-21|Feria II week XX of Ordinary Time|Memorial|St. Pius X, Pope|
2023-08-22|Feria III week XX of Ordinary Time|Memorial|The Queenship of the Blessed Virgin Mary|
2023-08-23|Feria IV week XX of Ordinary Time|Feria|Feria IV week XX of Ordinary Time|St. Rose of Lima, Virgin
2023-08-24|Feria V week XX of Ordinary Time|Feast|St. Bartholomew, Apostle|
2023-08-25|Feria VI week XX of Ordinary Time|Feria|Feria VI week XX of Ordinary Time|St. Louis, St. Joseph Calasanz, Priest
2023-08-26|Sabbato week XX of Ordinary Time|Feria|Sabbato week XX of Ordinary Time|BVM on Saturday
2023-08-27|Dominica XXI of Ordinary Time|Sunday|Dominica XXI of Ordinary Time|
2023-08-28|Feria II week XXI of Ordinary Time|Memorial|St. Augustine of Hippo, Bishop and Doctor of the Church|
2023-08-29|Feria III week XXI of Ordinary Time|Memorial|The Passion of St. John the Baptist, Martyr|
2023-08-30|Feria IV week XXI of Ordinary Time|Feria|Feria IV week XXI of Ordinary Time|
2023-08-31|Feria V week XXI of Ordinary Time|Feria|Feria V week XXI of Ordinary Time|
2023-09-01|Feria VI week XXI of Ordinary Time|Feria|Feria VI week XXI of Ordinary Time|
2023-09-02|Sabbato week XXI of Ordinary Time|Feria|Sabbato week XXI of Ordinary Time|BVM on Saturday
2023-09-03|Dominica XXII of Ordinary Time|Sunday|Dominica XXII of Ordinary Time|
2023-09-04|Feria II week XXII of Ordinary Time|Feria|Feria II week XXII of Ordinary Time|
2023-09-05|Feria III week XXII of Ordinary Time|Feria|Feria III week XXII of Ordinary Time|St. Teresa of Calcutta, Virgin
2023-09-06|Feria IV week XXII of Ordinary Time|Feria|Feria IV week XXII of Ordinary Time|
2023-09-07|Feria V week XXII of Ordinary Time|Feria|Feria V week XXII of Ordinary Time|
2023-09-08|Feria VI week XXII of Ordinary Time|Feast|The Nativity of the Blessed Virgin Mary|
2023-09-09|Sabbato week XXII of Ordinary Time|Feria|Sabbato week XXII of Ordinary Time|St. Peter Claver, Priest, BVM on Saturday
2023-09-10|Dominica XXIII of Ordinary Time|Sunday|Dominica XXIII of Ordinary Time|
2023-09-11|Feria II week XXIII of Ordinary Time|Feria|Feria II week XXIII of Ordinary Time|
2023-09-12|Feria III week XXIII of Ordinary Time|Feria|Feria III week XXIII of Ordinary Time|The Most Holy Name of Mary
2023-09-13|Feria IV week XXIII of Ordinary Time|Memorial|St. John Chrysostom, Bishop and Doctor of the Church|
2023-09-14|Feria V week XXIII of Ordinary Time|Feast|The Exaltation of the Holy Cross|
2023-09-15|Feria VI week XXIII of Ordinary Time|Memorial|Our Lady of Sorrows|
2023-09-16|Sabbato week XXIII of Ordinary Time|Memorial|Sts. Cornelius and Cyprian, Pope and Bishop and Martyrs|
2023-09-17|Dominica XXIV of Ordinary Time|Sunday|Dominica XXIV of Ordinary Time|
2023-09-18|Feria II week XXIV of Ordinary Time|Feria|Feria II week XXIV of Ordinary Time|
2023-09-19|Feria III week XXIV of Ordinary Time|Feria|Feria III week XXIV of Ordinary Time|St. Januarius, Bishop and Martyr
2023-09-20|Feria IV week XXIV of Ordinary Time|Memorial|Sts. Andrew Kim Tae-gon, Paul Chong Ha-sang, and Companions, Priest and Martyrs|
2023-09-21|Feria V week XXIV of Ordinary Time|Feast|St. Matthew, Apostle and Evangelist|
2023-09-22|Feria VI week XXIV of Ordinary Time|Feria|Feria VI week XXIV of Ordinary Time|
2023-09-23|Sabbato week XXIV of Ordinary Time|Memorial|St. Pius of Pietrelcina, Priest|
2023-09-24|Dominica XXV of Ordinary Time|Sunday|Dominica XXV of Ordinary Time|
2023-09-25|Feria II week XXV of Ordinary Time|Feria|Feria II week XXV of Ordinary Time|
2023-09-26|Feria III week XXV of Ordinary Time|Feria|Feria III week XXV of Ordinary Time|Sts. Cosmas and Damian, Martyrs
2023-09-27|Feria IV week XXV of Ordinary Time|Memorial|St. Vincent de Paul, Priest|
2023-09-28|Feria V week XXV of Ordinary Time|Feria|Feria V week XXV of Ordinary Time|St. Wenceslaus, Martyr, St. Lawrence Ruiz and Companions, Martyrs
2023-09-29|Feria VI week XXV of Ordinary Time|Feast|Sts. Michael, Gabriel and Raphael, Archangels|
2023-09-30|Sabbato week XXV of Ordinary Time|Memorial|St. Jerome, Priest and Doctor of the Church|
2023-10-01|Dominica XXVI of Ordinary Time|Sunday|Dominica XXVI of Ordinary Time|
2023-10-02|Feria II week XXVI of Ordinary Time|Memorial|The Holy Guardian Angels|
2023-10-03|Feria III week XXVI of Ordinary Time|Feria|Feria III week XXVI of Ordinary Time|
2023-10-04|Feria IV week XXVI of Ordinary Time|Memorial|St. Francis of Assisi|
2023-10-05|Feria V week XXVI of Ordinary Time|Feria|Feria V week XXVI of Ordinary Time|St. Faustina Kowalska, Virgin
2023-10-06|Feria VI week XXVI of Ordinary Time|Feria|Feria VI week XXVI of Ordinary Time|St. Bruno, Priest
2023-10-07|Sabbato week XXVI of Ordinary Time|Memorial|Our Lady of the Rosary|
2023-10-08|Dominica XXVII of Ordinary Time|Sunday|Dominica XXVII of Ordinary Time|
2023-10-09|Feria II week XXVII of Ordinary Time|Feria|Feria II week XXVII of Ordinary Time|St. Denis and Companions, Bishop and Martyrs, St. John Leonardi, Priest
2023-10-10|Feria III week XXVII of Ordinary Time|Feria|Feria III week XXVII of Ordinary Time|
2023-10-11|Feria IV week XXVII of Ordinary Time|Feria|Feria IV week XXVII of Ordinary Time|St. John XXIII, Pope
2023-10-12|Feria V week XXVII of Ordinary Time|Feria|Feria V week XXVII of Ordinary Time|
2023-10-13|Feria VI week XXVII of Ordinary Time|Feria|Feria VI week XXVII of Ordinary Time|
2023-10-14|Sabbato week XXVII of Ordinary Time|Feria|Sabbato week XXVII of Ordinary Time|St. Callistus I, Pope and Martyr, BVM on Saturday
2023-10-15|Dominica XXVIII of Ordinary Time|Sunday|Dominica XXVIII of Ordinary Time|
2023-10-16|Feria II week XXVIII of Ordinary Time|Feria|Feria II week XXVIII of Ordinary Time|St. Hedwig, Religious, St. Margaret Mary Alacoque, Virgin
2023-10-17|Feria III week XXVIII of Ordinary Time|Memorial|St. Ignatius of Antioch, Bishop and Martyr|
2023-10-18|Feria IV week XXVIII of Ordinary Time|Feast|St. Luke, Evangelist|
2023-10-19|Feria V week XXVIII of Ordinary Time|Feria|Feria V week XXVIII of Ordinary Time|Sts. John de Brébeuf, Isaac Jogues, and Companions, Priests and Martyrs, St. Paul of the Cross, Priest
2023-10-20|Feria VI week XXVIII of Ordinary Time|Feria|Feria VI week XXVIII of Ordinary Time|
2023-10-21|Sabbato week XXVIII of Ordinary Time|Feria|Sabbato week XXVIII of Ordinary Time|BVM on Saturday
2023-10-22|Dominica XXIX of Ordinary Time|Sunday|Dominica XXIX of Ordinary Time|
2023-10-23|Feria II week XXIX of Ordinary Time|Feria|Feria II week XXIX of Ordinary Time|St. John of Capistrano, Priest
2023-10-24|Feria III week XXIX of Ordinary Time|Feria|Feria III week XXIX of Ordinary Time|St. Anthony Mary Claret, Bishop
2023-10-25|Feria IV week XXIX of Ordinary Time|Feria|Feria IV week XXIX of Ordinary Time|
2023-10-26|Feria V week XXIX of Ordinary Time|Feria|Feria V week XXIX of Ordinary Time|
2023-10-27|Feria VI week XXIX of Ordinary Time|Feria|Feria VI week XXIX of Ordinary Time|
2023-10-28|Sabbato week XXIX of Ordinary Time|Feast|Sts. Simon and Jude, Apostles|
2023-10-29|Dominica XXX of Ordinary Time|Sunday|Dominica XXX of Ordinary Time|
2023-10-30|Feria II week XXX of Ordinary Time|Feria|Feria II week XXX of Ordinary Time|
2023-10-31|Feria III week XXX of Ordinary Time|Feria|Feria III week XXX of Ordinary Time|
2023-11-01|Feria IV week XXX of Ordinary Time|Solemnity|All Saints|
2023-11-02|Feria V week XXX of Ordinary Time|Solemnity|The Commemoration of All the Faithful Departed|
2023-11-03|Feria VI week XXX of Ordinary Time|Feria|Feria VI week XXX of Ordinary Time|St. Martin de Porres, Religious
2023-11-04|Sabbato week XXX of Ordinary Time|Memorial|St. Charles Borromeo, Bishop|
2023-11-05|Dominica XXXI of Ordinary Time|Sunday|Dominica XXXI of Ordinary Time|
2023-11-06|Feria II week XXXI of Ordinary Time|Feria|Feria II week XXXI of Ordinary Time|
2023-11-07|Feria III week XXXI of Ordinary Time|Feria|Feria III week XXXI of Ordinary Time|
2023-11-08|Feria IV week XXXI of Ordinary Time|Feria|Feria IV week XXXI of Ordinary Time|
2023-11-09|Feria V week XXXI of Ordinary Time|Feast|The Dedication of the Lateran Basilica|
2023-11-10|Feria VI week XXXI of Ordinary Time|Memorial|St. Leo the Great, Pope and Doctor of the Church|
2023-11-11|Sabbato week XXXI of Ordinary Time|Memorial|St. Martin of Tours, Bishop|
2023-11-12|Dominica XXXII of Ordinary Time|Sunday|Dominica XXXII of Ordinary Time|
2023-11-13|Feria II week XXXII of Ordinary Time|Feria|Feria II week XXXII of Ordinary Time|
2023-11-14|Feria III week XXXII of Ordinary Time|Feria|Feria III week XXXII of Ordinary Time|
2023-11-15|Feria IV week XXXII of Ordinary Time|Feria|Feria IV week XXXII of Ordinary Time|St. Albert the Great, Bishop and Doctor of the Church
2023-11-16|Feria V week XXXII of Ordinary Time|Feria|Feria V week XXXII of Ordinary Time|St. Margaret of Scotland, St. Gertrude, Virgin
2023-11-17|Feria VI week XXXII of Ordinary Time|Memorial|St. Elizabeth of Hungary, Religious|
2023-11-18|Sabbato week XXXII of Ordinary Time|Feria|Sabbato week XXXII of Ordinary Time|The Dedication of the Basilicas of Sts. Peter and Paul, BVM on Saturday
2023-11-19|Dominica XXXIII of Ordinary Time|Sunday|Dominica XXXIII of Ordinary Time|
2023-11-20|Feria II week XXXIII of Ordinary Time|Feria|Feria II week XXXIII of Ordinary Time|
2023-11-21|Feria III week XXXIII of Ordinary Time|Memorial|The Presentation of the Blessed Virgin Mary|
2023-11-22|Feria IV week XXXIII of Ordinary Time|Memorial|St. Cecilia, Virgin and Martyr|
2023-11-23|Feria V week XXXIII of Ordinary Time|Feria|Feria V week XXXIII of Ordinary Time|St. Clement I, Pope and Martyr, St. Columban, Abbot
2023-11-24|Feria VI week XXXIII of Ordinary Time|Memorial|Sts. Andrew Dung-Lac and Companions, Priest and Martyrs|
2023-11-25|Sabbato week XXXIII of Ordinary Time|Feria|Sabbato week XXXIII of Ordinary Time|St. Catherine of Alexandria, Virgin and Martyr, BVM on Saturday
2023-11-26|Dominica XXXIV of Ordinary Time|Solemnity|Our Lord Jesus Christ, King of the Universe|
2023-11-27|Feria II week XXXIV of Ordinary Time|Feria|Feria II week XXXIV of Ordinary Time|
2023-11-28|Feria III week XXXIV of Ordinary Time|Feria|Feria III week XXXIV of Ordinary Time|
2023-11-29|Feria IV week XXXIV of Ordinary Time|Feria|Feria IV week XXXIV of Ordinary Time|
2023-11-30|Feria V week XXXIV of Ordinary Time|Feast|St. Andrew, Apostle|
2023-12-01|Feria VI week XXXIV of Ordinary Time|Feria|Feria VI week XXXIV of Ordinary Time|
2023-12-02|Sabbato week XXXIV of Ordinary Time|Feria|Sabbato week XXXIV of Ordinary Time|BVM on Saturday
